id,result
0,0.9897245254899922
1,0.9718140438470603
2,0.8366218249590692
3,0.821272616205281
4,0.9916088387705507
0,0.9816378102097613
1,0.9931317401108518
2,0.9088275910656559
3,0.8108691410803762
4,0.9748976485191791
0,0.9803888286346231
1,0.992169427284731
2,0.9410394404810666
3,0.8167058897728867
4,0.966179318515384
