id,result
0,0.8292191919990082
1,0.9491466095226319
2,0.9799995483146907
3,0.8094850277832327
4,0.9893412747219931
5,0.9899212523678299
6,0.9636525098620268
7,0.68910973069411
0,0.9678346582614558
1,0.9366992720787599
2,0.9622767833057715
3,0.8037552196739508
4,0.885703315277466
5,0.9729871824699068
6,0.9728771999954915
7,0.7180698621734972
